data_year,data_month,dataset,n_units,rc,tis,technology
2011,2,raw,1697,461,24,cable
2011,2,raw,1112,80,30,dsl
2011,2,raw,289,1,1,fiber
2011,2,raw,3204,561,58,overall
2011,3,raw,2977,716,60,cable
2011,3,raw,2106,148,69,dsl
2011,3,raw,487,11,0,fiber
2011,3,raw,5686,907,130,overall
2011,3,validated,3541,919,70,cable
2011,3,validated,2193,183,113,dsl
2011,3,validated,474,28,0,fiber
2011,3,validated,6259,1144,184,overall
2011,4,raw,2986,723,47,cable
2011,4,raw,2097,137,66,dsl
2011,4,raw,484,22,1,fiber
2011,4,raw,5723,911,114,overall
2011,5,raw,3010,674,39,cable
2011,5,raw,2060,344,45,dsl
2011,5,raw,479,21,0,fiber
2011,5,raw,5807,1084,89,overall
2011,6,raw,2979,762,23,cable
2011,6,raw,1991,359,44,dsl
2011,6,raw,461,27,0,fiber
2011,6,raw,5718,1200,71,overall
2012,1,raw,2899,597,26,cable
2012,1,raw,1571,86,40,dsl
2012,1,raw,414,3,1,fiber
2012,1,raw,5265,738,72,overall
2012,2,raw,2954,537,10,cable
2012,2,raw,1608,78,42,dsl
2012,2,raw,417,5,1,fiber
2012,2,raw,5282,664,55,overall
2012,3,raw,3366,549,11,cable
2012,3,raw,2042,113,50,dsl
2012,3,raw,693,18,2,fiber
2012,3,raw,6321,716,65,overall
2012,4,raw,3527,458,12,cable
2012,4,raw,2193,113,38,dsl
2012,4,raw,796,6,2,fiber
2012,4,raw,6639,596,52,overall
2012,4,validated,3942,485,36,cable
2012,4,validated,2290,185,128,dsl
2012,4,validated,792,3,4,fiber
2012,4,validated,7030,673,168,overall
2012,5,raw,3539,467,12,cable
2012,5,raw,2187,105,45,dsl
2012,5,raw,781,4,1,fiber
2012,5,raw,6718,614,60,overall
2012,6,raw,3409,502,19,cable
2012,6,raw,2119,119,25,dsl
2012,6,raw,719,9,1,fiber
2012,6,raw,6522,689,47,overall
2012,7,raw,3257,554,6,cable
2012,7,raw,2022,114,25,dsl
2012,7,raw,704,5,0,fiber
2012,7,raw,6281,740,31,overall
2012,8,raw,3177,568,11,cable
2012,8,raw,1961,120,32,dsl
2012,8,raw,686,3,2,fiber
2012,8,raw,6134,747,45,overall
2012,9,raw,3423,490,7,cable
2012,9,raw,1911,101,39,dsl
2012,9,raw,681,7,1,fiber
2012,9,raw,6228,621,49,overall
2012,9,validated,3781,469,16,cable
2012,9,validated,2038,134,98,dsl
2012,9,validated,702,5,4,fiber
2012,9,validated,6606,613,123,overall
2012,10,raw,3141,408,4,cable
2012,10,raw,1889,97,37,dsl
2012,10,raw,661,5,0,fiber
2012,10,raw,6163,579,46,overall
2012,11,raw,3022,403,5,cable
2012,11,raw,1835,100,38,dsl
2012,11,raw,650,6,0,fiber
2012,11,raw,5997,585,50,overall
2012,12,raw,3087,775,3,cable
2012,12,raw,1785,121,35,dsl
2012,12,raw,637,6,0,fiber
2012,12,raw,6008,1000,39,overall
2013,1,raw,1764,350,1,cable
2013,1,raw,805,57,27,dsl
2013,1,raw,363,9,1,fiber
2013,1,raw,3800,559,36,overall
2013,2,raw,1838,317,1,cable
2013,2,raw,818,55,19,dsl
2013,2,raw,356,5,0,fiber
2013,2,raw,3782,488,29,overall
2013,3,raw,1773,291,3,cable
2013,3,raw,801,54,19,dsl
2013,3,raw,325,6,0,fiber
2013,3,raw,3572,470,32,overall
2013,4,raw,1805,356,2,cable
2013,4,raw,797,46,9,dsl
2013,4,raw,330,6,0,fiber
2013,4,raw,3516,514,12,overall
2013,5,raw,1807,270,0,cable
2013,5,raw,796,41,5,dsl
2013,5,raw,321,9,0,fiber
2013,5,raw,3430,400,12,overall
2013,6,raw,1838,272,0,cable
2013,6,raw,782,43,3,dsl
2013,6,raw,311,12,0,fiber
2013,6,raw,3350,389,4,overall
2013,7,raw,1850,275,2,cable
2013,7,raw,804,45,6,dsl
2013,7,raw,322,9,0,fiber
2013,7,raw,3321,370,9,overall
2013,8,raw,1831,214,1,cable
2013,8,raw,802,49,8,dsl
2013,8,raw,358,4,0,fiber
2013,8,raw,3256,294,10,overall
2013,9,raw,2146,187,2,cable
2013,9,raw,970,45,15,dsl
2013,9,raw,425,10,1,fiber
2013,9,raw,3742,267,18,overall
2013,9,validated,3214,278,6,cable
2013,9,validated,1627,93,52,dsl
2013,9,validated,630,7,3,fiber
2013,9,validated,5539,385,61,overall
2013,10,raw,2184,251,3,cable
2013,10,raw,1019,43,13,dsl
2013,10,raw,473,10,1,fiber
2013,10,raw,3886,327,17,overall
2013,11,raw,2138,222,3,cable
2013,11,raw,988,43,15,dsl
2013,11,raw,463,11,2,fiber
2013,11,raw,3873,308,23,overall
2013,12,raw,2053,238,3,cable
2013,12,raw,975,60,29,dsl
2013,12,raw,446,8,1,fiber
2013,12,raw,3791,353,37,overall
2014,1,raw,1563,189,7,cable
2014,1,raw,746,51,20,dsl
2014,1,raw,382,3,1,fiber
2014,1,raw,3743,368,39,overall
2014,2,raw,1579,163,6,cable
2014,2,raw,765,46,16,dsl
2014,2,raw,385,6,0,fiber
2014,2,raw,3713,336,30,overall
2014,3,raw,2404,235,6,cable
2014,3,raw,1171,70,13,dsl
2014,3,raw,517,10,2,fiber
2014,3,raw,5398,481,33,overall
2014,4,raw,2387,218,2,cable
2014,4,raw,1159,54,15,dsl
2014,4,raw,522,9,2,fiber
2014,4,raw,5237,424,26,overall
2014,5,raw,2375,185,0,cable
2014,5,raw,1149,57,16,dsl
2014,5,raw,518,7,1,fiber
2014,5,raw,5127,370,23,overall
2014,6,raw,2359,210,0,cable
2014,6,raw,1150,82,15,dsl
2014,6,raw,519,5,1,fiber
2014,6,raw,4964,428,22,overall
2014,7,raw,2297,214,3,cable
2014,7,raw,1182,101,31,dsl
2014,7,raw,519,6,0,fiber
2014,7,raw,4819,458,43,overall
2014,8,raw,2459,209,5,cable
2014,8,raw,1207,127,35,dsl
2014,8,raw,527,11,0,fiber
2014,8,raw,4829,463,47,overall
2014,9,raw,2774,211,0,cable
2014,9,raw,1333,161,32,dsl
2014,9,raw,545,12,2,fiber
2014,9,raw,5311,506,35,overall
2014,9,validated,3027,238,7,cable
2014,9,validated,1330,202,57,dsl
2014,9,validated,556,13,1,fiber
2014,9,validated,5062,484,67,overall
2014,10,raw,2801,218,4,cable
2014,10,raw,1378,171,38,dsl
2014,10,raw,538,12,0,fiber
2014,10,raw,5380,524,47,overall
2014,11,raw,2753,206,3,cable
2014,11,raw,1327,180,41,dsl
2014,11,raw,538,13,0,fiber
2014,11,raw,5352,524,51,overall
2014,12,raw,2607,229,4,cable
2014,12,raw,1287,186,52,dsl
2014,12,raw,522,8,0,fiber
2014,12,raw,5160,565,65,overall
2015,1,raw,1955,198,6,cable
2015,1,raw,1021,157,33,dsl
2015,1,raw,446,17,1,fiber
2015,1,raw,5121,623,56,overall
2015,2,raw,1968,180,8,cable
2015,2,raw,1009,142,47,dsl
2015,2,raw,447,17,2,fiber
2015,2,raw,5044,567,79,overall
2015,3,raw,2015,240,4,cable
2015,3,raw,1019,131,83,dsl
2015,3,raw,450,17,6,fiber
2015,3,raw,4998,656,120,overall
2015,4,raw,2083,256,5,cable
2015,4,raw,1019,125,63,dsl
2015,4,raw,456,12,8,fiber
2015,4,raw,4986,665,99,overall
2015,5,raw,2096,224,10,cable
2015,5,raw,1031,129,58,dsl
2015,5,raw,452,8,1,fiber
2015,5,raw,4933,612,84,overall
2015,6,raw,2069,242,10,cable
2015,6,raw,1029,130,56,dsl
2015,6,raw,461,9,1,fiber
2015,6,raw,4786,633,86,overall
2015,7,raw,2092,211,5,cable
2015,7,raw,1013,133,20,dsl
2015,7,raw,458,9,0,fiber
2015,7,raw,4656,572,37,overall
2015,8,raw,2152,185,8,cable
2015,8,raw,1029,154,64,dsl
2015,8,raw,465,9,1,fiber
2015,8,raw,4598,586,80,overall
2015,9,raw,2346,261,3,cable
2015,9,raw,1116,163,38,dsl
2015,9,raw,485,13,1,fiber
2015,9,raw,4886,679,49,overall
2015,9,validated,2353,161,13,cable
2015,9,validated,1397,215,98,dsl
2015,9,validated,517,17,1,fiber
2015,9,validated,4384,432,113,overall
2015,10,raw,2447,210,12,cable
2015,10,raw,1376,184,80,dsl
2015,10,raw,495,10,3,fiber
2015,10,raw,5272,608,107,overall
2015,11,raw,2333,178,7,cable
2015,11,raw,1383,172,82,dsl
2015,11,raw,494,13,2,fiber
2015,11,raw,5226,571,106,overall
2015,12,raw,2257,181,15,cable
2015,12,raw,1343,169,68,dsl
2015,12,raw,472,11,3,fiber
2015,12,raw,5071,551,104,overall
2016,1,raw,1857,185,9,cable
2016,1,raw,967,149,45,dsl
2016,1,raw,360,7,1,fiber
2016,1,raw,4980,641,95,overall
2016,2,raw,1870,159,3,cable
2016,2,raw,967,110,28,dsl
2016,2,raw,365,6,3,fiber
2016,2,raw,4879,532,65,overall
2016,3,raw,1888,159,1,cable
2016,3,raw,989,124,34,dsl
2016,3,raw,368,5,1,fiber
2016,3,raw,4826,550,60,overall
2016,4,raw,1901,147,4,cable
2016,4,raw,1005,112,40,dsl
2016,4,raw,367,6,4,fiber
2016,4,raw,4761,497,73,overall
2016,5,raw,1924,152,5,cable
2016,5,raw,1002,115,32,dsl
2016,5,raw,373,6,1,fiber
2016,5,raw,4705,508,65,overall
2016,6,raw,1918,144,4,cable
2016,6,raw,995,123,38,dsl
2016,6,raw,369,9,0,fiber
2016,6,raw,4564,471,63,overall
2016,7,raw,0,0,0,cable
2016,7,raw,0,0,0,dsl
2016,7,raw,0,0,0,fiber
2016,7,raw,0,0,0,overall
2016,8,raw,1947,148,1,cable
2016,8,raw,1241,133,32,dsl
2016,8,raw,411,6,1,fiber
2016,8,raw,4716,495,44,overall
2016,9,raw,2059,111,8,cable
2016,9,raw,1393,161,47,dsl
2016,9,raw,500,8,0,fiber
2016,9,raw,5059,507,72,overall
2016,9,validated,1878,99,7,cable
2016,9,validated,1295,150,35,dsl
2016,9,validated,493,6,0,fiber
2016,9,validated,3778,350,42,overall
2016,10,raw,1918,84,6,cable
2016,10,raw,1392,165,54,dsl
2016,10,raw,506,8,1,fiber
2016,10,raw,4936,492,73,overall
2016,11,raw,1929,95,5,cable
2016,11,raw,1380,156,32,dsl
2016,11,raw,480,10,2,fiber
2016,11,raw,5022,500,52,overall
2016,12,raw,1838,107,6,cable
2016,12,raw,1322,167,38,dsl
2016,12,raw,466,8,1,fiber
2016,12,raw,4776,487,56,overall
2017,1,raw,1383,88,7,cable
2017,1,raw,926,121,32,dsl
2017,1,raw,421,12,1,fiber
2017,1,raw,4659,513,67,overall
2017,2,raw,1405,75,6,cable
2017,2,raw,925,111,33,dsl
2017,2,raw,408,12,2,fiber
2017,2,raw,4580,496,65,overall
2017,3,raw,1419,91,1,cable
2017,3,raw,934,118,17,dsl
2017,3,raw,425,10,0,fiber
2017,3,raw,4514,466,30,overall
2017,4,raw,1434,81,0,cable
2017,4,raw,941,109,1,dsl
2017,4,raw,427,11,0,fiber
2017,4,raw,4421,460,1,overall
2017,5,raw,1415,85,0,cable
2017,5,raw,973,100,0,dsl
2017,5,raw,428,7,0,fiber
2017,5,raw,4298,411,0,overall
2017,6,raw,1354,74,0,cable
2017,6,raw,980,115,0,dsl
2017,6,raw,428,7,0,fiber
2017,6,raw,4103,397,0,overall
2017,7,raw,1423,93,0,cable
2017,7,raw,1034,136,0,dsl
2017,7,raw,440,9,0,fiber
2017,7,raw,4167,459,0,overall
2017,8,raw,1508,124,0,cable
2017,8,raw,1279,179,0,dsl
2017,8,raw,553,9,0,fiber
2017,8,raw,4610,567,0,overall
2017,9,raw,1541,113,0,cable
2017,9,raw,1442,203,0,dsl
2017,9,raw,620,11,0,fiber
2017,9,raw,4775,533,0,overall
2017,9,validated,1654,148,0,cable
2017,9,validated,1483,229,0,dsl
2017,9,validated,649,23,0,fiber
2017,9,validated,3916,489,0,overall
2017,10,raw,1593,111,0,cable
2017,10,raw,1514,206,0,dsl
2017,10,raw,637,10,0,fiber
2017,10,raw,4900,567,0,overall
2017,11,raw,1531,109,0,cable
2017,11,raw,1460,219,0,dsl
2017,11,raw,622,15,0,fiber
2017,11,raw,4793,564,0,overall
2017,12,raw,1464,106,0,cable
2017,12,raw,1408,225,0,dsl
2017,12,raw,579,14,0,fiber
2017,12,raw,4593,560,0,overall
2018,1,raw,641,56,0,cable
2018,1,raw,787,127,0,dsl
2018,1,raw,352,10,0,fiber
2018,1,raw,4478,553,0,overall
2018,2,raw,661,56,0,cable
2018,2,raw,804,120,0,dsl
2018,2,raw,358,6,0,fiber
2018,2,raw,4423,530,0,overall
2018,3,raw,618,54,0,cable
2018,3,raw,805,107,0,dsl
2018,3,raw,357,1,0,fiber
2018,3,raw,4309,487,0,overall
2018,4,raw,638,54,0,cable
2018,4,raw,804,103,0,dsl
2018,4,raw,359,3,0,fiber
2018,4,raw,4196,476,0,overall
2018,5,raw,647,59,0,cable
2018,5,raw,806,114,0,dsl
2018,5,raw,356,7,0,fiber
2018,5,raw,4138,470,0,overall
2018,6,raw,657,71,0,cable
2018,6,raw,790,108,0,dsl
2018,6,raw,352,5,0,fiber
2018,6,raw,4014,478,0,overall
2018,7,raw,655,68,0,cable
2018,7,raw,776,89,0,dsl
2018,7,raw,356,3,0,fiber
2018,7,raw,3894,479,0,overall
2018,8,raw,679,73,0,cable
2018,8,raw,798,104,0,dsl
2018,8,raw,355,6,0,fiber
2018,8,raw,3809,535,0,overall
2018,9,raw,911,103,0,cable
2018,9,raw,1310,143,0,dsl
2018,9,raw,513,6,0,fiber
2018,9,raw,4865,665,0,overall
2018,9,validated,959,76,0,cable
2018,9,validated,1388,124,0,dsl
2018,9,validated,539,11,0,fiber
2018,9,validated,2886,211,0,overall
2018,10,raw,916,112,0,cable
2018,10,raw,1355,141,0,dsl
2018,10,raw,526,11,0,fiber
2018,10,raw,4875,642,0,overall
2018,11,raw,908,129,0,cable
2018,11,raw,1312,145,0,dsl
2018,11,raw,507,14,0,fiber
2018,11,raw,4759,668,0,overall
2018,12,raw,891,152,0,cable
2018,12,raw,1262,152,0,dsl
2018,12,raw,500,35,0,fiber
2018,12,raw,4666,720,0,overall
2019,1,raw,604,90,0,cable
2019,1,raw,593,49,0,dsl
2019,1,raw,383,27,0,fiber
2019,1,raw,4575,726,0,overall
2019,2,raw,604,86,0,cable
2019,2,raw,592,52,0,dsl
2019,2,raw,382,27,0,fiber
2019,2,raw,4462,722,0,overall
2019,3,raw,591,72,0,cable
2019,3,raw,600,42,0,dsl
2019,3,raw,381,27,0,fiber
2019,3,raw,4377,674,0,overall
2019,4,raw,574,71,0,cable
2019,4,raw,597,47,0,dsl
2019,4,raw,391,23,0,fiber
2019,4,raw,4228,658,0,overall
2019,5,raw,599,89,0,cable
2019,5,raw,593,60,0,dsl
2019,5,raw,387,15,0,fiber
2019,5,raw,4185,685,0,overall
2019,6,raw,613,50,0,cable
2019,6,raw,599,48,0,dsl
2019,6,raw,388,20,0,fiber
2019,6,raw,4102,593,0,overall
2019,7,raw,684,55,0,cable
2019,7,raw,694,66,0,dsl
2019,7,raw,543,29,0,fiber
2019,7,raw,4490,611,0,overall
2019,8,raw,829,51,0,cable
2019,8,raw,833,103,0,dsl
2019,8,raw,654,42,0,fiber
2019,8,raw,4892,667,0,overall
2019,9,raw,936,61,0,cable
2019,9,raw,960,99,0,dsl
2019,9,raw,696,47,0,fiber
2019,9,raw,5182,688,0,overall
2019,9,validated,963,41,0,cable
2019,9,validated,1014,111,0,dsl
2019,9,validated,697,43,0,fiber
2019,9,validated,2674,195,0,overall
2019,10,raw,936,70,0,cable
2019,10,raw,926,102,0,dsl
2019,10,raw,681,56,0,fiber
2019,10,raw,5054,699,0,overall
2019,11,raw,904,69,0,cable
2019,11,raw,904,101,0,dsl
2019,11,raw,659,52,0,fiber
2019,11,raw,4990,685,0,overall
2019,12,raw,0,0,0,cable
2019,12,raw,0,0,0,dsl
2019,12,raw,0,0,0,fiber
2019,12,raw,0,0,0,overall
2020,1,raw,902,76,0,cable
2020,1,raw,792,89,0,dsl
2020,1,raw,586,112,0,fiber
2020,1,raw,4773,708,0,overall
2020,2,raw,879,73,0,cable
2020,2,raw,781,95,0,dsl
2020,2,raw,589,110,0,fiber
2020,2,raw,4622,679,0,overall
2020,3,raw,846,86,0,cable
2020,3,raw,790,120,0,dsl
2020,3,raw,595,122,0,fiber
2020,3,raw,4423,768,0,overall
2020,4,raw,918,133,0,cable
2020,4,raw,791,140,0,dsl
2020,4,raw,598,152,0,fiber
2020,4,raw,4400,925,0,overall
2020,5,raw,921,96,0,cable
2020,5,raw,806,124,0,dsl
2020,5,raw,600,121,0,fiber
2020,5,raw,4330,765,0,overall
2020,6,raw,948,94,0,cable
2020,6,raw,809,110,0,dsl
2020,6,raw,605,117,0,fiber
2020,6,raw,4286,700,0,overall
2020,7,raw,962,87,0,cable
2020,7,raw,871,106,0,dsl
2020,7,raw,667,137,0,fiber
2020,7,raw,4356,722,0,overall
2020,8,raw,1089,29,0,cable
2020,8,raw,992,57,0,dsl
2020,8,raw,691,47,0,fiber
2020,8,raw,4562,331,0,overall
2020,9,raw,1189,34,0,cable
2020,9,raw,1266,95,0,dsl
2020,9,raw,762,76,0,fiber
2020,9,raw,5048,414,0,overall
2020,9,validated,1227,43,0,cable
2020,9,validated,1316,85,0,dsl
2020,9,validated,792,56,0,fiber
2020,9,validated,3335,184,0,overall
2020,11,raw,1123,104,0,cable
2020,11,raw,1210,116,0,dsl
2020,11,raw,723,132,0,fiber
2020,11,raw,4910,698,0,overall
2020,12,raw,1048,132,0,cable
2020,12,raw,1180,123,0,dsl
2020,12,raw,682,145,0,fiber
2020,12,raw,4731,758,0,overall
2021,1,raw,971,111,0,cable
2021,1,raw,1034,95,0,dsl
2021,1,raw,528,99,0,fiber
2021,1,raw,4611,653,0,overall
2021,2,raw,981,99,0,cable
2021,2,raw,1048,103,0,dsl
2021,2,raw,561,109,0,fiber
2021,2,raw,4557,637,0,overall
2021,3,raw,895,75,0,cable
2021,3,raw,1044,88,0,dsl
2021,3,raw,466,65,0,fiber
2021,3,raw,4152,501,0,overall
2021,4,raw,0,0,0,cable
2021,4,raw,0,0,0,dsl
2021,4,raw,0,0,0,fiber
2021,4,raw,0,0,0,overall
2021,5,raw,973,79,0,cable
2021,5,raw,1022,78,0,dsl
2021,5,raw,569,104,0,fiber
2021,5,raw,4254,535,0,overall
2021,6,raw,982,85,0,cable
2021,6,raw,1031,85,0,dsl
2021,6,raw,561,98,0,fiber
2021,6,raw,4195,513,0,overall
2021,7,raw,1004,92,0,cable
2021,7,raw,1029,80,0,dsl
2021,7,raw,582,96,0,fiber
2021,7,raw,4173,534,0,overall
2021,8,raw,1112,119,0,cable
2021,8,raw,1049,68,0,dsl
2021,8,raw,620,105,0,fiber
2021,8,raw,4201,564,0,overall
2021,9,raw,1214,107,0,cable
2021,9,raw,1240,92,0,dsl
2021,9,raw,648,112,0,fiber
2021,9,raw,4505,523,0,overall
2021,9,validated,1215,83,0,cable
2021,9,validated,1295,124,0,dsl
2021,9,validated,705,78,0,fiber
2021,9,validated,3216,285,0,overall
2021,10,raw,1167,101,0,cable
2021,10,raw,1222,95,0,dsl
2021,10,raw,661,113,0,fiber
2021,10,raw,4461,490,0,overall
2021,11,raw,1139,83,0,cable
2021,11,raw,1164,102,0,dsl
2021,11,raw,622,76,0,fiber
2021,11,raw,4299,463,0,overall
2021,12,raw,1136,79,0,cable
2021,12,raw,1135,106,0,dsl
2021,12,raw,646,46,0,fiber
2021,12,raw,4286,426,0,overall
2022,1,raw,471,34,0,cable
2022,1,raw,736,59,0,dsl
2022,1,raw,260,6,0,fiber
2022,1,raw,4282,463,0,overall
2022,2,raw,479,42,0,cable
2022,2,raw,737,60,0,dsl
2022,2,raw,261,8,0,fiber
2022,2,raw,4229,486,0,overall
2022,3,raw,430,42,0,cable
2022,3,raw,733,58,0,dsl
2022,3,raw,259,6,0,fiber
2022,3,raw,4056,455,0,overall
2022,4,raw,465,34,0,cable
2022,4,raw,731,55,0,dsl
2022,4,raw,259,5,0,fiber
2022,4,raw,4012,435,0,overall
2022,5,raw,475,32,0,cable
2022,5,raw,729,50,0,dsl
2022,5,raw,260,7,0,fiber
2022,5,raw,3950,419,0,overall
2022,6,raw,478,29,0,cable
2022,6,raw,728,68,0,dsl
2022,6,raw,253,6,0,fiber
2022,6,raw,3867,433,0,overall
2022,7,raw,478,34,0,cable
2022,7,raw,717,57,0,dsl
2022,7,raw,255,6,0,fiber
2022,7,raw,3727,415,0,overall
2022,8,raw,527,34,0,cable
2022,8,raw,758,62,0,dsl
2022,8,raw,261,6,0,fiber
2022,8,raw,3811,432,0,overall
2022,9,validated,502,23,0,cable
2022,9,validated,1067,101,0,dsl
2022,9,validated,269,4,0,fiber
2022,9,validated,1838,128,0,overall
2022,11,raw,516,56,0,cable
2022,11,raw,996,81,0,dsl
2022,11,raw,260,5,0,fiber
2022,11,raw,3944,514,0,overall
2022,12,raw,523,54,0,cable
2022,12,raw,949,71,0,dsl
2022,12,raw,250,8,0,fiber
2022,12,raw,3856,494,0,overall
2023,1,raw,516,50,0,cable
2023,1,raw,922,81,0,dsl
2023,1,raw,245,8,0,fiber
2023,1,raw,3781,505,0,overall
2023,2,raw,504,64,0,cable
2023,2,raw,882,75,0,dsl
2023,2,raw,240,24,0,fiber
2023,2,raw,3711,525,0,overall
2023,3,raw,0,0,0,cable
2023,3,raw,0,0,0,dsl
2023,3,raw,0,0,0,fiber
2023,3,raw,0,0,0,overall
2023,4,raw,468,33,0,cable
2023,4,raw,850,59,0,dsl
2023,4,raw,240,7,0,fiber
2023,4,raw,3634,409,0,overall
2023,5,raw,429,35,0,cable
2023,5,raw,829,57,0,dsl
2023,5,raw,230,8,0,fiber
2023,5,raw,3388,340,0,overall
2023,6,raw,422,33,0,cable
2023,6,raw,803,60,0,dsl
2023,6,raw,225,15,0,fiber
2023,6,raw,3324,430,0,overall
2023,7,raw,439,31,0,cable
2023,7,raw,773,59,0,dsl
2023,7,raw,224,36,0,fiber
2023,7,raw,3381,504,0,overall
