data_year,data_month,kind,fcc_dir,filename,url,size,sha256,s3_key,staged
2011,,profile,,unit-profile-2011.zip,https://data.fcc.gov/download/measuring-broadband-america/unit-profile-2011.zip,113714,d0539193b6979865e830bc80c23dadd374b9bba0d3114744c32ba85356e262c3,fcc-mba/2011/profile/unit-profile-2011.zip,1
2011,,profile,,unit-profile-march-2011.zip,https://data.fcc.gov/download/measuring-broadband-america/unit-profile-march-2011.zip,113714,d0539193b6979865e830bc80c23dadd374b9bba0d3114744c32ba85356e262c3,fcc-mba/2011/profile/unit-profile-march-2011.zip,1
2012,,profile,2012,unit-profile-april-2012.xlsx,https://data.fcc.gov/download/measuring-broadband-america/2012/unit-profile-april-2012.xlsx,767471,70af9fee0b87370662576e44d8ea52ca68929747e5ff1a43618f14cdef6a0321,fcc-mba/2012/profile/unit-profile-april-2012.xlsx,1
2012,9,profile,2012,FCC_UnitProfile_Sept12.xls,https://data.fcc.gov/download/measuring-broadband-america/2012/FCC_UnitProfile_Sept12.xls,1054720,745f4c3788e6ca78c4ad57636231c81d88bdae199ac2b01de22164673f75286a,fcc-mba/2012/profile/FCC_UnitProfile_Sept12.xls,1
2013,,profile,2013,FCC_Unit_Profile_20140207.xlsx,https://data.fcc.gov/download/measuring-broadband-america/2013/FCC_Unit_Profile_20140207.xlsx,322823,f4ee3c7f9645b0d757a2d059fdf95156db81f21489890b6f3ea86cebb48d195c,fcc-mba/2013/profile/FCC_Unit_Profile_20140207.xlsx,1
2014,9,profile,2015,FCC_UnitProfile_Sept14.xls,https://data.fcc.gov/download/measuring-broadband-america/2015/FCC_UnitProfile_Sept14.xls,301202,46ab40fe0d4f9fe06ec314cd21a102a909ca943331dfe0d9a6824a4c190e0584,fcc-mba/2014/profile/FCC_UnitProfile_Sept14.xls,1
2015,9,profile,2016,Unit-Profile-sept2015.xlsx,https://data.fcc.gov/download/measuring-broadband-america/2016/Unit-Profile-sept2015.xlsx,274880,365dc85f1c8e445c2856b133f813411d7ebf0b51f8b9619dddb37bf1625f8712,fcc-mba/2015/profile/Unit-Profile-sept2015.xlsx,1
2016,9,profile,2017,Unit-Profile-sept2016.xlsx,https://data.fcc.gov/download/measuring-broadband-america/2017/Unit-Profile-sept2016.xlsx,211970,6c892df358d2a4c343477d49fbf21857b9e970400107e79951478f7c30bd9712,fcc-mba/2016/profile/Unit-Profile-sept2016.xlsx,1
2017,9,profile,2018,Unit-Profile-sept2017.xlsx,https://data.fcc.gov/download/measuring-broadband-america/2018/Unit-Profile-sept2017.xlsx,288088,381bb2effd3a4ada3bd18d2898db41bac6348aab9e34e0ec8ed82629645b4dcd,fcc-mba/2017/profile/Unit-Profile-sept2017.xlsx,1
2018,9,profile,2019,Unit-Profile-sept2018.xlsx,https://data.fcc.gov/download/measuring-broadband-america/2019/Unit-Profile-sept2018.xlsx,181621,27e65f2f860f5e5d6c16694c37ceeb07a7e7cff3bc4e71b6961a5f6d29eaa007,fcc-mba/2018/profile/Unit-Profile-sept2018.xlsx,1
2018,9,profile,2019,unit-profile-sept2018.xlsx,https://data.fcc.gov/download/measuring-broadband-america/2019/unit-profile-sept2018.xlsx,161731,c20aca96973d0a2de511755034834ae3eaf174b3afd09e3b4d04ccd557ff0107,fcc-mba/2018/profile/unit-profile-sept2018.xlsx,1
2019,9,profile,2020,Unit-Profile-sept2019.xlsx,https://data.fcc.gov/download/measuring-broadband-america/2020/Unit-Profile-sept2019.xlsx,146060,1aa37dc57ce25da0dbce12adaf6c7418ff617c74f0354727f2740e2345ca1e6d,fcc-mba/2019/profile/Unit-Profile-sept2019.xlsx,1
2020,9,profile,2021,unit-profile-sept2020.xlsx,https://data.fcc.gov/download/measuring-broadband-america/2021/unit-profile-sept2020.xlsx,154496,23ce2b6e4c23071c5315bcaed0b3343f6bcf29d284aa2c8675dd97f621fab321,fcc-mba/2020/profile/unit-profile-sept2020.xlsx,1
2021,9,profile,2022,unit-profile-sept2021.xlsx,https://data.fcc.gov/download/measuring-broadband-america/2022/unit-profile-sept2021.xlsx,148154,e627061a1e8052470958b9f9cd9366778f809acee1ebf81e086b058d2bb4fb41,fcc-mba/2021/profile/unit-profile-sept2021.xlsx,1
2022,9,profile,2023,unit-profile-sept2022.xlsx,https://data.fcc.gov/download/measuring-broadband-america/2023/unit-profile-sept2022.xlsx,89157,901684ffeeb0fc6d2ca360c6f3566d1279eac7bd48bc1d0e18aaee10ed8e910f,fcc-mba/2022/profile/unit-profile-sept2022.xlsx,1
2011,3,validated,,validated-march-data-2011.tar.gz,https://data.fcc.gov/download/measuring-broadband-america/validated-march-data-2011.tar.gz,2530623616,9780a6d4189b437bbcbbda3f337b498708f54303c06dc4f2683b5ff65396e3f9,fcc-mba/2011/validated/validated-march-data-2011.tar.gz,1
2012,4,validated,2012,data-validated--2012-apr.tar.gz,https://data.fcc.gov/download/measuring-broadband-america/2012/data-validated--2012-apr.tar.gz,4152236390,5fed2c02cf0fcbdb67adfab7ffb2ecf5338a1990cf3ca856d0a0aebe59266321,fcc-mba/2012/validated/data-validated--2012-apr.tar.gz,1
2012,9,validated,2012,data-validated-2012-sept.tar.gz,https://data.fcc.gov/download/measuring-broadband-america/2012/data-validated-2012-sept.tar.gz,4148311454,94a642e15223c982d0c87523106c3f5e0f04b400ae906c79abb08ba7248bae87,fcc-mba/2012/validated/data-validated-2012-sept.tar.gz,1
2013,9,validated,2014,data-validated-2013-sept.tar.gz,https://data.fcc.gov/download/measuring-broadband-america/2014/data-validated-2013-sept.tar.gz,4095507896,6dfcb9268432545e85ed16762f7fb4aa1d0b33a3e1aa6fa2c8afe383f2624aa1,fcc-mba/2013/validated/data-validated-2013-sept.tar.gz,1
2014,9,validated,2015,data-validated-2014-sept.tar.gz,https://data.fcc.gov/download/measuring-broadband-america/2015/data-validated-2014-sept.tar.gz,3605954920,781cc3dc1f4d088a68eb1962867fa1df1cb53a3786ebd6a1a85ab92d51d1f70e,fcc-mba/2014/validated/data-validated-2014-sept.tar.gz,1
2015,9,validated,2016,validated-data-sept2015.tar.gz,https://data.fcc.gov/download/measuring-broadband-america/2016/validated-data-sept2015.tar.gz,4253194573,e3b5dd94762511e1d6a101e090113b518a18c33997aab2dd33c4e04157a0cfbd,fcc-mba/2015/validated/validated-data-sept2015.tar.gz,1
2016,9,validated,2017,validated-data-sept2016.tar.gz,https://data.fcc.gov/download/measuring-broadband-america/2017/validated-data-sept2016.tar.gz,1946185466,cd19e57fd39de572b02a666ae2945eb5cf211ba611491eaf22d4a325c2b6c268,fcc-mba/2016/validated/validated-data-sept2016.tar.gz,1
2017,9,validated,2018,validated-data-sept2017.tar.gz,https://data.fcc.gov/download/measuring-broadband-america/2018/validated-data-sept2017.tar.gz,1988852072,e52917dc91bb45059ed4eb7151f0d96b46fa7767f1db5cd479a80703c527bd76,fcc-mba/2017/validated/validated-data-sept2017.tar.gz,1
2018,9,validated,2019,validated-data-sept2018.tar.gz,https://data.fcc.gov/download/measuring-broadband-america/2019/validated-data-sept2018.tar.gz,1493020959,2fd799ac05ec38a36aa1e230ded6e3a1fdec68badad545f91d4accf1ff61bb59,fcc-mba/2018/validated/validated-data-sept2018.tar.gz,1
2019,9,validated,2020,validated-data-sept2019.tar.gz,https://data.fcc.gov/download/measuring-broadband-america/2020/validated-data-sept2019.tar.gz,2544270784,fc9ca6c2fcacad97559b19fdc182f6da08aee1c81d48b477d7795df378d7ae4b,fcc-mba/2019/validated/validated-data-sept2019.tar.gz,1
2020,9,validated,2021,validated-data-sept2020.tar.gz,https://data.fcc.gov/download/measuring-broadband-america/2021/validated-data-sept2020.tar.gz,2487418604,29ccc573deb548eb33949a5f7b9d52971b5ac360005f0943cdd422d25044f6be,fcc-mba/2020/validated/validated-data-sept2020.tar.gz,1
2021,9,validated,2022,validated-data-sept2021.tar.gz,https://data.fcc.gov/download/measuring-broadband-america/2022/validated-data-sept2021.tar.gz,2454511048,9d81557244bdf5e532bcdde8b3890b4019b5ebadc6c9c23c54e1067ef77c7e1b,fcc-mba/2021/validated/validated-data-sept2021.tar.gz,1
2022,9,validated,2023,validated-data-sept2022.tar.gz,https://data.fcc.gov/download/measuring-broadband-america/2023/validated-data-sept2022.tar.gz,1503636947,0e202fa2d3c5a6e0690221d1b81439f8ac32e792750e7cf68e5f19b2338f8307,fcc-mba/2022/validated/validated-data-sept2022.tar.gz,1
2011,2,raw,,raw-bulk-data-feb-2011.tar.gz,https://data.fcc.gov/download/measuring-broadband-america/raw-bulk-data-feb-2011.tar.gz,2009433378,9379ca7d10389e679fae75b5320d4732eced7ce801aa535b4721e4ba4e3a762b,fcc-mba/2011/raw/raw-bulk-data-feb-2011.tar.gz,1
2011,3,raw,,raw-bulk-data-mar-2011.tar.gz,https://data.fcc.gov/download/measuring-broadband-america/raw-bulk-data-mar-2011.tar.gz,4129247635,5cca2560e5d0594cb59c72dd2b8819bc55f26cc0677eec4883f15c7f0ccde1dd,fcc-mba/2011/raw/raw-bulk-data-mar-2011.tar.gz,1
2011,4,raw,,raw-bulk-data-apr-2011.tar.gz,https://data.fcc.gov/download/measuring-broadband-america/raw-bulk-data-apr-2011.tar.gz,4156487167,24b81e70a2baa5b36f6474c499ec026bb5408013da775b2425fec6253227e2af,fcc-mba/2011/raw/raw-bulk-data-apr-2011.tar.gz,1
2011,5,raw,,raw-bulk-data-may-2011.tar.gz,https://data.fcc.gov/download/measuring-broadband-america/raw-bulk-data-may-2011.tar.gz,4446976741,f20e8d23856fb5b336ed23c970fa9e7751d812631efbddf9523afa9fd23755ea,fcc-mba/2011/raw/raw-bulk-data-may-2011.tar.gz,1
2011,6,raw,,raw-bulk-data-jun-2011.tar.gz,https://data.fcc.gov/download/measuring-broadband-america/raw-bulk-data-jun-2011.tar.gz,4168891288,f2778be5f0d97dacd259b549b97bfcff067f6d7bcec76d560eac260fda436be5,fcc-mba/2011/raw/raw-bulk-data-jun-2011.tar.gz,1
2012,1,raw,2012,data-raw-2012-jan.tar.gz,https://data.fcc.gov/download/measuring-broadband-america/2012/data-raw-2012-jan.tar.gz,5012867112,c228e546081e660e80602254bf581698bf6993741faf17a0039867957db8f7f6,fcc-mba/2012/raw/data-raw-2012-jan.tar.gz,1
2012,2,raw,2012,data-raw-2012-feb.tar.gz,https://data.fcc.gov/download/measuring-broadband-america/2012/data-raw-2012-feb.tar.gz,4634118109,4553153daebee47ae907f536a5a405d9d8bb9258e66a19753b571c18e62eaa58,fcc-mba/2012/raw/data-raw-2012-feb.tar.gz,1
2012,3,raw,2012,data-raw-2012-mar.tar.gz,https://data.fcc.gov/download/measuring-broadband-america/2012/data-raw-2012-mar.tar.gz,5612019053,8308a1256e27deb2e955086919c8ca4626c8bc57f0b1fc4a0d983c16001afd91,fcc-mba/2012/raw/data-raw-2012-mar.tar.gz,1
2012,4,raw,2012,data-raw-2012-apr.tar.gz,https://data.fcc.gov/download/measuring-broadband-america/2012/data-raw-2012-apr.tar.gz,5711496277,713c2453ac52988f3912453dbeba78ef8f96f80afb7d1b580747f0f0eb263db4,fcc-mba/2012/raw/data-raw-2012-apr.tar.gz,1
2012,5,raw,2012,data-raw-2012-may.tar.gz,https://data.fcc.gov/download/measuring-broadband-america/2012/data-raw-2012-may.tar.gz,5636498236,9d221dd0bab4a0e730b1f5621e717c47580f3b55f2d0109b1d7e4ceacad22e17,fcc-mba/2012/raw/data-raw-2012-may.tar.gz,1
2012,6,raw,2012,data-raw-2012-june.tar.gz,https://data.fcc.gov/download/measuring-broadband-america/2012/data-raw-2012-june.tar.gz,4398867461,067be6e5b4f2f38a3fb7528b8bfa7cd0367936102d43d6e7544de867a97fad58,fcc-mba/2012/raw/data-raw-2012-june.tar.gz,1
2012,7,raw,2012,data-raw-2012-july.tar.gz,https://data.fcc.gov/download/measuring-broadband-america/2012/data-raw-2012-july.tar.gz,5289143574,e8663425da8ea81517b0c7a8823bcbb704af2645df367e6e67567ceea1d6d820,fcc-mba/2012/raw/data-raw-2012-july.tar.gz,1
2012,8,raw,2012,data-raw-2012-aug.tar.gz,https://data.fcc.gov/download/measuring-broadband-america/2012/data-raw-2012-aug.tar.gz,5166624191,a28f46acd175d71c0e95c265ce0446348102d2372991e2399da437d1ff673162,fcc-mba/2012/raw/data-raw-2012-aug.tar.gz,1
2012,9,raw,2012,data-raw-2012-sept.tar.gz,https://data.fcc.gov/download/measuring-broadband-america/2012/data-raw-2012-sept.tar.gz,5155397511,316a1104a8f7337e6dfbb52d718bb9ea3915eef44010da8315b8e1d3a9db933c,fcc-mba/2012/raw/data-raw-2012-sept.tar.gz,1
2012,10,raw,2012,data-raw-2012-oct.tar.gz,https://data.fcc.gov/download/measuring-broadband-america/2012/data-raw-2012-oct.tar.gz,5214143714,c7bed70a5ceca9d80dc0932d04538e6698df84339c7ec6f2ba63d19f6f828c99,fcc-mba/2012/raw/data-raw-2012-oct.tar.gz,1
2012,11,raw,2012,data-raw-2012-nov.tar.gz,https://data.fcc.gov/download/measuring-broadband-america/2012/data-raw-2012-nov.tar.gz,4925478372,2c4f087a873ea0106872f532b4d9453ee512c887af2b223d0e1ad2d4220aa661,fcc-mba/2012/raw/data-raw-2012-nov.tar.gz,1
2012,12,raw,2012,data-raw-2012-dec.tar.gz,https://data.fcc.gov/download/measuring-broadband-america/2012/data-raw-2012-dec.tar.gz,5028246042,d4787b2c3e438ea3e94ece5f648b4975bf49b84fa53a1d619d0751d8facc70f9,fcc-mba/2012/raw/data-raw-2012-dec.tar.gz,1
2013,1,raw,2014,data-raw-2013-jan.tar.gz,https://data.fcc.gov/download/measuring-broadband-america/2014/data-raw-2013-jan.tar.gz,3282744179,aa8900710bf65ff601652f516bfe64a3d1c66eef88bdbd8e66271bdfdc3e4e94,fcc-mba/2013/raw/data-raw-2013-jan.tar.gz,1
2013,2,raw,2014,data-raw-2013-feb.tar.gz,https://data.fcc.gov/download/measuring-broadband-america/2014/data-raw-2013-feb.tar.gz,2946970302,6a5a14f165f6972f27610e8da5eb4cf0bbd41cf43192009bd10488eb3054c83a,fcc-mba/2013/raw/data-raw-2013-feb.tar.gz,1
2013,3,raw,2014,data-raw-2013-mar.tar.gz,https://data.fcc.gov/download/measuring-broadband-america/2014/data-raw-2013-mar.tar.gz,3168192404,032d8c452e2d01432df8188afa5f1118608f06402e2633b86cebbe54b1b99182,fcc-mba/2013/raw/data-raw-2013-mar.tar.gz,1
2013,4,raw,2014,data-raw-2013-apr.tar.gz,https://data.fcc.gov/download/measuring-broadband-america/2014/data-raw-2013-apr.tar.gz,2998747222,d4f0d9e219e2f6894048fd2122f87dce3b1e346ffdb8d3dbe2bf404e3cfa1886,fcc-mba/2013/raw/data-raw-2013-apr.tar.gz,1
2013,5,raw,2014,data-raw-2013-may.tar.gz,https://data.fcc.gov/download/measuring-broadband-america/2014/data-raw-2013-may.tar.gz,2974546215,ccaa17f222f55401370c9c099cb2a47e74f5846f63d9bc38b3ac388e4a205fe6,fcc-mba/2013/raw/data-raw-2013-may.tar.gz,1
2013,6,raw,2014,data-raw-2013-june.tar.gz,https://data.fcc.gov/download/measuring-broadband-america/2014/data-raw-2013-june.tar.gz,2799731901,8b25ab79bd734e3f740c172d3294aa5b92ee068fa10daed0b2e49c21e27343da,fcc-mba/2013/raw/data-raw-2013-june.tar.gz,1
2013,7,raw,2014,data-raw-2013-july.tar.gz,https://data.fcc.gov/download/measuring-broadband-america/2014/data-raw-2013-july.tar.gz,2850754617,318d6ebba4f88014fad6eb1a35b676b660c9ba893d7bcbd1ab0221e12f446d0b,fcc-mba/2013/raw/data-raw-2013-july.tar.gz,1
2013,8,raw,2014,data-raw-2013-aug.tar.gz,https://data.fcc.gov/download/measuring-broadband-america/2014/data-raw-2013-aug.tar.gz,2650657284,9bb74d1691fae6c2c5d9f28d5eee565adbad5063a121333487b87660fa3aeeb8,fcc-mba/2013/raw/data-raw-2013-aug.tar.gz,1
2013,9,raw,2014,data-raw-2013-sept.tar.gz,https://data.fcc.gov/download/measuring-broadband-america/2014/data-raw-2013-sept.tar.gz,2744140939,e31801f813588aea1fb2a268354d0ef99dcc3d1234238efaa23315cdda39664e,fcc-mba/2013/raw/data-raw-2013-sept.tar.gz,1
2013,10,raw,2014,data-raw-2013-oct.tar.gz,https://data.fcc.gov/download/measuring-broadband-america/2014/data-raw-2013-oct.tar.gz,3451718273,cb32b9b5fd74d118bbaca4280a66d95a22c89e8feae3be9b52b2f7ae2c2c509c,fcc-mba/2013/raw/data-raw-2013-oct.tar.gz,1
2013,11,raw,2014,data-raw-2013-nov.tar.gz,https://data.fcc.gov/download/measuring-broadband-america/2014/data-raw-2013-nov.tar.gz,3291000322,3fb39155b79cd7928ac6c7fc575e018e41f8e9e17cbb4580f920c52fb3d36da9,fcc-mba/2013/raw/data-raw-2013-nov.tar.gz,1
2013,12,raw,2014,data-raw-2013-dec.tar.gz,https://data.fcc.gov/download/measuring-broadband-america/2014/data-raw-2013-dec.tar.gz,3333604773,cefb16d0f8fc3c07cf1310bf13e2c2382d1335bcf3f606bc171bf19e64408cc0,fcc-mba/2013/raw/data-raw-2013-dec.tar.gz,1
2014,1,raw,2015,data-raw-2014-jan.tar.gz,https://data.fcc.gov/download/measuring-broadband-america/2015/data-raw-2014-jan.tar.gz,3260207208,9a0c762728dd46e6de6b2812027e47ba9d6e71e34802ee27ae4199bdde5fb078,fcc-mba/2014/raw/data-raw-2014-jan.tar.gz,1
2014,2,raw,2015,data-raw-2014-feb.tar.gz,https://data.fcc.gov/download/measuring-broadband-america/2015/data-raw-2014-feb.tar.gz,2875401930,e484bd20e7ceacc93beedb7d1d0ea8f1176a80f7226da3f3382c84b78095ba83,fcc-mba/2014/raw/data-raw-2014-feb.tar.gz,1
2014,3,raw,2015,data-raw-2014-mar.tar.gz,https://data.fcc.gov/download/measuring-broadband-america/2015/data-raw-2014-mar.tar.gz,4723823076,4101dee80f5b3b904c91ccba2e6f47da1fb8aa909e70549232525789734af5f4,fcc-mba/2014/raw/data-raw-2014-mar.tar.gz,1
2014,4,raw,2015,data-raw-2014-apr.tar.gz,https://data.fcc.gov/download/measuring-broadband-america/2015/data-raw-2014-apr.tar.gz,4324161013,401700bc0d626ec08f30a55a93b46419ca7ac706b710b12e1a03fa5a9e93b09a,fcc-mba/2014/raw/data-raw-2014-apr.tar.gz,1
2014,5,raw,2015,data-raw-2014-may.tar.gz,https://data.fcc.gov/download/measuring-broadband-america/2015/data-raw-2014-may.tar.gz,4330183270,30254651b09e861441adc00b2e7adb5976e63889a5e33e76196a8f9c669ba902,fcc-mba/2014/raw/data-raw-2014-may.tar.gz,1
2014,6,raw,2015,data-raw-2014-jun.tar.gz,https://data.fcc.gov/download/measuring-broadband-america/2015/data-raw-2014-jun.tar.gz,4081320313,932141274589160fb4e9689f6aeb38af63eb77025a8ee23fcbd087e9ededaa62,fcc-mba/2014/raw/data-raw-2014-jun.tar.gz,1
2014,7,raw,2015,data-raw-2014-jul.tar.gz,https://data.fcc.gov/download/measuring-broadband-america/2015/data-raw-2014-jul.tar.gz,4205673619,f7ea7e6926cf3a8ddcfbad5bb97f7a67c6f4cec468a0a488449a1e0e0d25beb4,fcc-mba/2014/raw/data-raw-2014-jul.tar.gz,1
2014,8,raw,2015,data-raw-2014-aug.tar.gz,https://data.fcc.gov/download/measuring-broadband-america/2015/data-raw-2014-aug.tar.gz,4255572039,237212664dc972c2a964e51cb05f7821eae7afa83d75880606be93954e517e31,fcc-mba/2014/raw/data-raw-2014-aug.tar.gz,1
2014,9,raw,2015,data-raw-2014-sept.tar.gz,https://data.fcc.gov/download/measuring-broadband-america/2015/data-raw-2014-sept.tar.gz,4518110833,4db82911bb4e285127d573ceb182a50298c211e459fe3f47f62b2abeb2e9323c,fcc-mba/2014/raw/data-raw-2014-sept.tar.gz,1
2014,10,raw,2015,data-raw-2014-oct.tar.gz,https://data.fcc.gov/download/measuring-broadband-america/2015/data-raw-2014-oct.tar.gz,4811954866,e8acff51a232bda5282933d717b1005cda107bd4327be15ecbe9e8189fc6916d,fcc-mba/2014/raw/data-raw-2014-oct.tar.gz,1
2014,11,raw,2015,data-raw-2014-nov.tar.gz,https://data.fcc.gov/download/measuring-broadband-america/2015/data-raw-2014-nov.tar.gz,4545358275,8dea60ab9aa37797e7e1411fa39ae9cbd49ba302351560cf4f368e947a9b73a0,fcc-mba/2014/raw/data-raw-2014-nov.tar.gz,1
2014,12,raw,2015,data-raw-2014-dec.tar.gz,https://data.fcc.gov/download/measuring-broadband-america/2015/data-raw-2014-dec.tar.gz,4569484285,0796e397192d7d69bcdff68f241059856b7f288bf424ed485c683c1883ea02d7,fcc-mba/2014/raw/data-raw-2014-dec.tar.gz,1
2015,1,raw,2016,data-raw-2015-jan.tar.gz,https://data.fcc.gov/download/measuring-broadband-america/2016/data-raw-2015-jan.tar.gz,4451498458,2784667e8452332cf53721da439784692b35d4472cd71b9edd32c688224a94a5,fcc-mba/2015/raw/data-raw-2015-jan.tar.gz,1
2015,2,raw,2016,data-raw-2015-feb.tar.gz,https://data.fcc.gov/download/measuring-broadband-america/2016/data-raw-2015-feb.tar.gz,4269179271,4c1bd3322f59561fb952e69dcc19c6c3f43a696db4a766db4563d4d2b51a3db7,fcc-mba/2015/raw/data-raw-2015-feb.tar.gz,1
2015,3,raw,2016,data-raw-2015-mar.tar.gz,https://data.fcc.gov/download/measuring-broadband-america/2016/data-raw-2015-mar.tar.gz,3556599776,65d7d6dc2c85d8f33f6084f05da2ab36778804de5d8e8ac911d2dc6f9f32080c,fcc-mba/2015/raw/data-raw-2015-mar.tar.gz,1
2015,4,raw,2016,data-raw-2015-apr.tar.gz,https://data.fcc.gov/download/measuring-broadband-america/2016/data-raw-2015-apr.tar.gz,3260676622,e6343e7fa4663759c07ca88c6827f22866428d2a3d1c9aacc50ac2047e666c23,fcc-mba/2015/raw/data-raw-2015-apr.tar.gz,1
2015,5,raw,2016,data-raw-2015-may.tar.gz,https://data.fcc.gov/download/measuring-broadband-america/2016/data-raw-2015-may.tar.gz,3363161861,48a0d64321bdae77983ca607e599ecc6ffc4c5f8604232606904a54a7ecedbde,fcc-mba/2015/raw/data-raw-2015-may.tar.gz,1
2015,6,raw,2016,data-raw-2015-jun.tar.gz,https://data.fcc.gov/download/measuring-broadband-america/2016/data-raw-2015-jun.tar.gz,3177646004,a16757d09ae908f7ec927a7a57737f417dcb430c08693f26a84616ce25b1e776,fcc-mba/2015/raw/data-raw-2015-jun.tar.gz,1
2015,7,raw,2016,data-raw-2015-jul.tar.gz,https://data.fcc.gov/download/measuring-broadband-america/2016/data-raw-2015-jul.tar.gz,3283133462,f6cd91e4b40a3ef3cb124178f16bbedff0bcf20ac62adc068fab0cf06653f627,fcc-mba/2015/raw/data-raw-2015-jul.tar.gz,1
2015,8,raw,2016,data-raw-2015-aug.tar.gz,https://data.fcc.gov/download/measuring-broadband-america/2016/data-raw-2015-aug.tar.gz,3242757580,3bb98d73cdfb9c42e200a7bf66275c2c18abe0b0d738f9cdcf636f11a7c1cbb7,fcc-mba/2015/raw/data-raw-2015-aug.tar.gz,1
2015,9,raw,2016,data-raw-2015-sept.tar.gz,https://data.fcc.gov/download/measuring-broadband-america/2016/data-raw-2015-sept.tar.gz,3372886775,0b493305a0f2df549eeb0347e41e32bc17b7a13f3d112c0689fdbe9dc3b07039,fcc-mba/2015/raw/data-raw-2015-sept.tar.gz,1
2015,10,raw,2016,data-raw-2015-oct.tar.gz,https://data.fcc.gov/download/measuring-broadband-america/2016/data-raw-2015-oct.tar.gz,3682967073,2e23f5652f4f59fb3a11d8c622effac216de6a531a23d586751a700051b405ef,fcc-mba/2015/raw/data-raw-2015-oct.tar.gz,1
2015,11,raw,2016,data-raw-2015-nov.tar.gz,https://data.fcc.gov/download/measuring-broadband-america/2016/data-raw-2015-nov.tar.gz,3607474538,a5519c946d4079e8ad2bd0f55269a6a294d30ecd65ca75c9dcc90b438e59c951,fcc-mba/2015/raw/data-raw-2015-nov.tar.gz,1
2015,12,raw,2016,data-raw-2015-dec.tar.gz,https://data.fcc.gov/download/measuring-broadband-america/2016/data-raw-2015-dec.tar.gz,3255470410,896d75c78f32c1223123933d6f367e3b7ca5de829066a452bc4be03640d7879d,fcc-mba/2015/raw/data-raw-2015-dec.tar.gz,1
2016,1,raw,2017,data-raw-2016-jan.tar.gz,https://data.fcc.gov/download/measuring-broadband-america/2017/data-raw-2016-jan.tar.gz,3534582746,61c8b04572092b1e698a84d7503deb1a1fedaa8be27d66f30d499721b725e0b7,fcc-mba/2016/raw/data-raw-2016-jan.tar.gz,1
2016,2,raw,2017,data-raw-2016-feb.tar.gz,https://data.fcc.gov/download/measuring-broadband-america/2017/data-raw-2016-feb.tar.gz,8647513465,8e5ce6c6c2b9909418ab91c1765ec6a412b9ddeb021a84d7db45d903819b766d,fcc-mba/2016/raw/data-raw-2016-feb.tar.gz,1
2016,3,raw,2017,data-raw-2016-mar.tar.gz,https://data.fcc.gov/download/measuring-broadband-america/2017/data-raw-2016-mar.tar.gz,6165258885,e70fec070b5e145ddabb9b8549b01a285fc538db64e215ddba26c69b072ac7f5,fcc-mba/2016/raw/data-raw-2016-mar.tar.gz,1
2016,4,raw,2017,data-raw-2016-apr.tar.gz,https://data.fcc.gov/download/measuring-broadband-america/2017/data-raw-2016-apr.tar.gz,3292202825,2036fd41e69f0c6b82d3fe81942be5973001c2ac88909a47cc150fc16acb73ea,fcc-mba/2016/raw/data-raw-2016-apr.tar.gz,1
2016,5,raw,2017,data-raw-2016-may.tar.gz,https://data.fcc.gov/download/measuring-broadband-america/2017/data-raw-2016-may.tar.gz,3350345943,4de9a020019c5526e66c895388e859b1db0c4dacc0ee4e4f70ee57ebd70f2eef,fcc-mba/2016/raw/data-raw-2016-may.tar.gz,1
2016,6,raw,2017,data-raw-2016-jun.tar.gz,https://data.fcc.gov/download/measuring-broadband-america/2017/data-raw-2016-jun.tar.gz,2488214092,f93de5c4f1705f82e2ee33d82083d8ee53885c244ca3ec8291c421b87170d91c,fcc-mba/2016/raw/data-raw-2016-jun.tar.gz,1
2016,7,raw,2017,data-raw-2016-jul.tar.gz,https://data.fcc.gov/download/measuring-broadband-america/2017/data-raw-2016-jul.tar.gz,2088069105,a5bb0e473303a43ae436ff5be71387d0d1efafa9c2f9a1fb0167dbb7abb01a2f,fcc-mba/2016/raw/data-raw-2016-jul.tar.gz,1
2016,8,raw,2017,data-raw-2016-aug.tar.gz,https://data.fcc.gov/download/measuring-broadband-america/2017/data-raw-2016-aug.tar.gz,3011564801,cdb0aab5e67617b82b658583c9c87111adb566afe732f5df8a9ea778cf4eed22,fcc-mba/2016/raw/data-raw-2016-aug.tar.gz,1
2016,9,raw,2017,data-raw-2016-sept.tar.gz,https://data.fcc.gov/download/measuring-broadband-america/2017/data-raw-2016-sept.tar.gz,2678862008,fbbaa3dd1c0756d2adb2787d28d4332723047168d09d15b148a63bbeea48a828,fcc-mba/2016/raw/data-raw-2016-sept.tar.gz,1
2016,10,raw,2017,data-raw-2016-oct.tar.gz,https://data.fcc.gov/download/measuring-broadband-america/2017/data-raw-2016-oct.tar.gz,2783198358,cc48f1b183f3b90a1a532a46f96c82c60ed79c6e70a3505aea38eb9511a1a368,fcc-mba/2016/raw/data-raw-2016-oct.tar.gz,1
2016,11,raw,2016,data-raw-2016-nov.tar.gz,https://data.fcc.gov/download/measuring-broadband-america/2016/data-raw-2016-nov.tar.gz,2732592796,ee3e633605ef9b0ffa6c391f32d62ca2d90934032b3a066cd04518e17405c18c,fcc-mba/2016/raw/data-raw-2016-nov.tar.gz,1
2016,12,raw,2016,data-raw-2016-dec.tar.gz,https://data.fcc.gov/download/measuring-broadband-america/2016/data-raw-2016-dec.tar.gz,2767026838,783680758d94e2a54097ce587528546883e59664fd916e2b3352211f9431e444,fcc-mba/2016/raw/data-raw-2016-dec.tar.gz,1
2017,1,raw,2017,data-raw-2017-jan.tar.gz,https://data.fcc.gov/download/measuring-broadband-america/2017/data-raw-2017-jan.tar.gz,2702002770,c387d647d962707c90753428ff6c70143842bcd9d2227229fb7641a224e97f7b,fcc-mba/2017/raw/data-raw-2017-jan.tar.gz,1
2017,2,raw,2017,data-raw-2017-feb.tar.gz,https://data.fcc.gov/download/measuring-broadband-america/2017/data-raw-2017-feb.tar.gz,2377650986,243c49a4be00089b608ed40299ed4702c893076ebeb1106e80e2a7c42861af10,fcc-mba/2017/raw/data-raw-2017-feb.tar.gz,1
2017,3,raw,2017,data-raw-2017-mar.tar.gz,https://data.fcc.gov/download/measuring-broadband-america/2017/data-raw-2017-mar.tar.gz,2416709329,a5e2df465f45fb03264610f8612504eceaddcbcc1ae58bd6e5722c0b28c3a72f,fcc-mba/2017/raw/data-raw-2017-mar.tar.gz,1
2017,4,raw,2017,data-raw-2017-apr.tar.gz,https://data.fcc.gov/download/measuring-broadband-america/2017/data-raw-2017-apr.tar.gz,2388979122,51cafd04b1349d76ac0c36300ac305ee6e0ee059c36bd87dd672c4beff45be7c,fcc-mba/2017/raw/data-raw-2017-apr.tar.gz,1
2017,5,raw,2017,data-raw-2017-may.tar.gz,https://data.fcc.gov/download/measuring-broadband-america/2017/data-raw-2017-may.tar.gz,2307040744,ed62b5e0321b95bcd5cb81f58ac23a844d385a5253804050a488e558b2382772,fcc-mba/2017/raw/data-raw-2017-may.tar.gz,1
2017,6,raw,2017,data-raw-2017-jun.tar.gz,https://data.fcc.gov/download/measuring-broadband-america/2017/data-raw-2017-jun.tar.gz,2206864532,046e9837da02a9c114c241715b69c9ebf1934ba676f80c16f4beffa9198fc1e6,fcc-mba/2017/raw/data-raw-2017-jun.tar.gz,1
2017,7,raw,2017,data-raw-2017-jul.tar.gz,https://data.fcc.gov/download/measuring-broadband-america/2017/data-raw-2017-jul.tar.gz,2306744486,79dff4889e6e5a037fa21869b80d419a1196bad676b07db231834ec534686ea7,fcc-mba/2017/raw/data-raw-2017-jul.tar.gz,1
2017,8,raw,2017,data-raw-2017-aug.tar.gz,https://data.fcc.gov/download/measuring-broadband-america/2017/data-raw-2017-aug.tar.gz,2438446075,16436fb7863b848becc4626bcc0e1c1ac8adbd0efed8749393467516905d7fd3,fcc-mba/2017/raw/data-raw-2017-aug.tar.gz,1
2017,9,raw,2017,data-raw-2017-sept.tar.gz,https://data.fcc.gov/download/measuring-broadband-america/2017/data-raw-2017-sept.tar.gz,2519425722,ad468183b0dabea7c889303cb426a3de0754d5e7056ea80c760ff8a253e1d11c,fcc-mba/2017/raw/data-raw-2017-sept.tar.gz,1
2017,10,raw,2017,data-raw-2017-oct.tar.gz,https://data.fcc.gov/download/measuring-broadband-america/2017/data-raw-2017-oct.tar.gz,2658264341,65b0efd70f879fdb92b0949f626b5f15f881dd47b9d9e9fb3ba114c6d4656d63,fcc-mba/2017/raw/data-raw-2017-oct.tar.gz,1
2017,11,raw,2017,data-raw-2017-nov.tar.gz,https://data.fcc.gov/download/measuring-broadband-america/2017/data-raw-2017-nov.tar.gz,2528869549,ec0a6fb76b68f9aff8dc10cb8be80ded1ca15f8b22c47b68eb9e9d58d95107a1,fcc-mba/2017/raw/data-raw-2017-nov.tar.gz,1
2017,12,raw,2017,data-raw-2017-dec.tar.gz,https://data.fcc.gov/download/measuring-broadband-america/2017/data-raw-2017-dec.tar.gz,2527177787,e1c65e6a32995c64a09ac3ac17bc699913873d8f509eb8e42d4b97e2a33b320e,fcc-mba/2017/raw/data-raw-2017-dec.tar.gz,1
2018,1,raw,2018,data-raw-2018-jan.tar.gz,https://data.fcc.gov/download/measuring-broadband-america/2018/data-raw-2018-jan.tar.gz,2465961667,363b255c18b0c1bbb8d03b2a058b4b4fcf27979d0df67319b190de5d9f1c933d,fcc-mba/2018/raw/data-raw-2018-jan.tar.gz,1
2018,2,raw,2018,data-raw-2018-feb.tar.gz,https://data.fcc.gov/download/measuring-broadband-america/2018/data-raw-2018-feb.tar.gz,2180918889,8b09238abc66215024cb373eb12161ecc1dae7af1c5a79b85306bb8aaf1c843b,fcc-mba/2018/raw/data-raw-2018-feb.tar.gz,1
2018,3,raw,2018,data-raw-2018-mar.tar.gz,https://data.fcc.gov/download/measuring-broadband-america/2018/data-raw-2018-mar.tar.gz,2338633039,2fcb494fb9177cc9782336d83a2945936752ae9fb707fd943b59c2d4bfdbc041,fcc-mba/2018/raw/data-raw-2018-mar.tar.gz,1
2018,4,raw,2018,data-raw-2018-apr.tar.gz,https://data.fcc.gov/download/measuring-broadband-america/2018/data-raw-2018-apr.tar.gz,2219040378,cc0fb19ec1a2c59ca5fb73effcd0348acead965df345499cab922e1f50a428eb,fcc-mba/2018/raw/data-raw-2018-apr.tar.gz,1
2018,5,raw,2018,data-raw-2018-may.tar.gz,https://data.fcc.gov/download/measuring-broadband-america/2018/data-raw-2018-may.tar.gz,2235989495,3876237c66eedd5b367f87f2f60983cd4f8e5a8c1dbe9902506cf60e2e396462,fcc-mba/2018/raw/data-raw-2018-may.tar.gz,1
2018,6,raw,2018,data-raw-2018-jun.tar.gz,https://data.fcc.gov/download/measuring-broadband-america/2018/data-raw-2018-jun.tar.gz,2116764457,9459d4f0e112193926b821f2d02654ad16f91c57b6957e99252623b185c77c86,fcc-mba/2018/raw/data-raw-2018-jun.tar.gz,1
2018,7,raw,2018,data-raw-2018-jul.tar.gz,https://data.fcc.gov/download/measuring-broadband-america/2018/data-raw-2018-jul.tar.gz,1684504323,13a4a3ba6d7c7f1ff46da0a6134186cfe479ecc0dcd43271f59ab02497fdaadb,fcc-mba/2018/raw/data-raw-2018-jul.tar.gz,1
2018,8,raw,2018,data-raw-2018-aug.tar.gz,https://data.fcc.gov/download/measuring-broadband-america/2018/data-raw-2018-aug.tar.gz,1655898555,a9b30cb846424388d936086d24c99ac97133838cac03c364509a05e45d25036f,fcc-mba/2018/raw/data-raw-2018-aug.tar.gz,1
2018,9,raw,2018,data-raw-2018-sept.tar.gz,https://data.fcc.gov/download/measuring-broadband-america/2018/data-raw-2018-sept.tar.gz,1937846625,d6041f83aa0ca8d780fc01fbcb49dc3498057880c8e9851dc0a36550e327cd95,fcc-mba/2018/raw/data-raw-2018-sept.tar.gz,1
2018,10,raw,2018,data-raw-2018-oct.tar.gz,https://data.fcc.gov/download/measuring-broadband-america/2018/data-raw-2018-oct.tar.gz,2049339894,00c9d9729a5ef28eea64d4302b82bd5f23f026fea8a2ff5ceb859f68e36235e6,fcc-mba/2018/raw/data-raw-2018-oct.tar.gz,1
2018,11,raw,2018,data-raw-2018-nov.tar.gz,https://data.fcc.gov/download/measuring-broadband-america/2018/data-raw-2018-nov.tar.gz,1946659227,78575f464f607693339c1dc99ea6f78db426f642db307aca35380dcd6d940bc6,fcc-mba/2018/raw/data-raw-2018-nov.tar.gz,1
2018,12,raw,2018,data-raw-2018-dec.tar.gz,https://data.fcc.gov/download/measuring-broadband-america/2018/data-raw-2018-dec.tar.gz,1988013027,5a72ee5c67eca831cd685c806fd00cb2157e3838b9f57e386a433e83bef1c44f,fcc-mba/2018/raw/data-raw-2018-dec.tar.gz,1
2019,1,raw,2019,data-raw-2019-jan.tar.gz,https://data.fcc.gov/download/measuring-broadband-america/2019/data-raw-2019-jan.tar.gz,1938089150,59a69e447a0aa7fa32ceb714d9a8c5c624d55765b5670b3700255d4bc347cf98,fcc-mba/2019/raw/data-raw-2019-jan.tar.gz,1
2019,2,raw,2019,data-raw-2019-feb.tar.gz,https://data.fcc.gov/download/measuring-broadband-america/2019/data-raw-2019-feb.tar.gz,1713904711,a85397aa5d5df405c2800b5a35b464e327e7a546f473b355ae1e328596fb8ec3,fcc-mba/2019/raw/data-raw-2019-feb.tar.gz,1
2019,3,raw,2019,data-raw-2019-mar.tar.gz,https://data.fcc.gov/download/measuring-broadband-america/2019/data-raw-2019-mar.tar.gz,1840853540,6187ad701137ae02cce15fc66e5479067bc2ccf09079a47b517f30d85bf21551,fcc-mba/2019/raw/data-raw-2019-mar.tar.gz,1
2019,4,raw,2019,data-raw-2019-apr.tar.gz,https://data.fcc.gov/download/measuring-broadband-america/2019/data-raw-2019-apr.tar.gz,1737134958,832e50ba7a704fedc42a63765eed5ef27b843e51d7eec53a533ea7f899f4ffaa,fcc-mba/2019/raw/data-raw-2019-apr.tar.gz,1
2019,5,raw,2019,data-raw-2019-may.tar.gz,https://data.fcc.gov/download/measuring-broadband-america/2019/data-raw-2019-may.tar.gz,2083324966,2ed9677982d206de58c765f7dc39d8c84482dc853e7380c2bcb484d93b279b69,fcc-mba/2019/raw/data-raw-2019-may.tar.gz,1
2019,6,raw,2019,data-raw-2019-jun.tar.gz,https://data.fcc.gov/download/measuring-broadband-america/2019/data-raw-2019-jun.tar.gz,2606492941,89f3e55edab7db2e938d178aaf6c87eff59a592b1fc593c19588dd97e9fc3a13,fcc-mba/2019/raw/data-raw-2019-jun.tar.gz,1
2019,7,raw,2019,data-raw-2019-jul.tar.gz,https://data.fcc.gov/download/measuring-broadband-america/2019/data-raw-2019-jul.tar.gz,3073773346,9cc82ba60d36fcec35de7e5f698a05264823d9b9cb4327592ac822c97a79d35f,fcc-mba/2019/raw/data-raw-2019-jul.tar.gz,1
2019,8,raw,2019,data-raw-2019-aug.tar.gz,https://data.fcc.gov/download/measuring-broadband-america/2019/data-raw-2019-aug.tar.gz,3395638197,7657eb0bc59f9ca05341d5b30e9eb1e0fbc83a8181728edee4c68802b79cd207,fcc-mba/2019/raw/data-raw-2019-aug.tar.gz,1
2019,9,raw,2019,data-raw-2019-sept.tar.gz,https://data.fcc.gov/download/measuring-broadband-america/2019/data-raw-2019-sept.tar.gz,3527148050,05e1b7b2bcbe77c9bea47a175d3247f1cf0eb1dfea4f7f74a4d736a030e8c2a0,fcc-mba/2019/raw/data-raw-2019-sept.tar.gz,1
2019,10,raw,2019,data-raw-2019-oct.tar.gz,https://data.fcc.gov/download/measuring-broadband-america/2019/data-raw-2019-oct.tar.gz,3571351962,ac41c2561a702681303168ce5cdb1501bf87687e08d7b8b61d4baa750056234d,fcc-mba/2019/raw/data-raw-2019-oct.tar.gz,1
2019,11,raw,2019,data-raw-2019-nov.tar.gz,https://data.fcc.gov/download/measuring-broadband-america/2019/data-raw-2019-nov.tar.gz,3378033228,22ec7f24543aa86f68d75c154b7048847aff14628797560d5fb7e822330269bf,fcc-mba/2019/raw/data-raw-2019-nov.tar.gz,1
2019,12,raw,2019,data-raw-2019-dec.tar.gz,https://data.fcc.gov/download/measuring-broadband-america/2019/data-raw-2019-dec.tar.gz,2622270544,43950af02af65dd70ee76c956ba8f6de342282abb015f0d6adff6d37594fd414,fcc-mba/2019/raw/data-raw-2019-dec.tar.gz,1
2020,1,raw,2020,data-raw-2020-jan.tar.gz,https://data.fcc.gov/download/measuring-broadband-america/2020/data-raw-2020-jan.tar.gz,2781391192,b575e0ce764301e17eeabd1ebf50e16cd44db50de6bec7bce7bcf7ae2b459319,fcc-mba/2020/raw/data-raw-2020-jan.tar.gz,1
2020,2,raw,2020,data-raw-2020-feb.tar.gz,https://data.fcc.gov/download/measuring-broadband-america/2020/data-raw-2020-feb.tar.gz,2972499904,45e9cf50aa862f66165a20542459d6c80452df30b031cb3bafd4571ee473a292,fcc-mba/2020/raw/data-raw-2020-feb.tar.gz,1
2020,3,raw,2020,data-raw-2020-mar.tar.gz,https://data.fcc.gov/download/measuring-broadband-america/2020/data-raw-2020-mar.tar.gz,3186795865,51c551f9a0de70ff3aad09bcbf160faab5dca052c7ae4170d61a22ce6656b9e0,fcc-mba/2020/raw/data-raw-2020-mar.tar.gz,1
2020,4,raw,2020,data-raw-2020-apr.tar.gz,https://data.fcc.gov/download/measuring-broadband-america/2020/data-raw-2020-apr.tar.gz,3003023614,849dd363632312a649a0bcdd09c9453a989387f809b2883486c9ecce41a53055,fcc-mba/2020/raw/data-raw-2020-apr.tar.gz,1
2020,5,raw,2020,data-raw-2020-may.tar.gz,https://data.fcc.gov/download/measuring-broadband-america/2020/data-raw-2020-may.tar.gz,2690728270,60cfa441de064f861c65dec3a80f69c70da4772ad197b61c11e3adf6daffa29c,fcc-mba/2020/raw/data-raw-2020-may.tar.gz,1
2020,6,raw,2020,data-raw-2020-jun.tar.gz,https://data.fcc.gov/download/measuring-broadband-america/2020/data-raw-2020-jun.tar.gz,2737987653,df2753e4032eee75a9148a2f980d5bb6a025b24c85250facc65e3ffdffec8dc4,fcc-mba/2020/raw/data-raw-2020-jun.tar.gz,1
2020,7,raw,2020,data-raw-2020-jul.tar.gz,https://data.fcc.gov/download/measuring-broadband-america/2020/data-raw-2020-jul.tar.gz,2556462491,dea0eaecd5f96fcb1af3ba1d22d39f897c9903da6d83ca504415f76853f5b1c9,fcc-mba/2020/raw/data-raw-2020-jul.tar.gz,1
2020,8,raw,2020,data-raw-2020-aug.tar.gz,https://data.fcc.gov/download/measuring-broadband-america/2020/data-raw-2020-aug.tar.gz,2149631515,af97d6afba7f342ff3bbf86d952975451fa62b68ee334df428e1911cad5cec13,fcc-mba/2020/raw/data-raw-2020-aug.tar.gz,1
2020,9,raw,2020,data-raw-2020-sep.tar.gz,https://data.fcc.gov/download/measuring-broadband-america/2020/data-raw-2020-sep.tar.gz,2253279759,d823c13f0d5455e0796d2160bf570d5477f85826605148315b456cffe43d888c,fcc-mba/2020/raw/data-raw-2020-sep.tar.gz,1
2020,11,raw,2020,data-raw-2020-nov.tar.gz,https://data.fcc.gov/download/measuring-broadband-america/2020/data-raw-2020-nov.tar.gz,2272586342,cae14ee7845832926898861f4aa6c98de5ba16fd4e85f5f1493c7c41c378f1f1,fcc-mba/2020/raw/data-raw-2020-nov.tar.gz,1
2020,12,raw,2020,data-raw-2020-dec.tar.gz,https://data.fcc.gov/download/measuring-broadband-america/2020/data-raw-2020-dec.tar.gz,2309420374,cb8c61ad12a624ff073b5aca14121513b13afa02690717a833291b3d9cfa6dbd,fcc-mba/2020/raw/data-raw-2020-dec.tar.gz,1
2021,1,raw,2021,data-raw-2021-jan.tar.gz,https://data.fcc.gov/download/measuring-broadband-america/2021/data-raw-2021-jan.tar.gz,2221901815,29e7413986b58a2e9bb8cd42d76c98bc24a5c3268b562fd0bad7fd112b7dc97b,fcc-mba/2021/raw/data-raw-2021-jan.tar.gz,1
2021,2,raw,2021,data-raw-2021-feb.tar.gz,https://data.fcc.gov/download/measuring-broadband-america/2021/data-raw-2021-feb.tar.gz,2236316669,fe18e15f8e425605dbdaaaad51e52bbea7711aba32058968b2c7fb41a63cd2f7,fcc-mba/2021/raw/data-raw-2021-feb.tar.gz,1
2021,3,raw,2021,data-raw-2021-mar.tar.gz,https://data.fcc.gov/download/measuring-broadband-america/2021/data-raw-2021-mar.tar.gz,2438532784,2b019031e74f90e224a0e9a488e94296e09972ce45195f2b2e6159fa78647c7f,fcc-mba/2021/raw/data-raw-2021-mar.tar.gz,1
2021,4,raw,2021,data-raw-2021-apr.tar.gz,https://data.fcc.gov/download/measuring-broadband-america/2021/data-raw-2021-apr.tar.gz,3679310043,02af9208fd2eaabf7b3656d9eb63c0f7a0e0f12981904afbc8659545c64c59de,fcc-mba/2021/raw/data-raw-2021-apr.tar.gz,1
2021,5,raw,2021,data-raw-2021-may.tar.gz,https://data.fcc.gov/download/measuring-broadband-america/2021/data-raw-2021-may.tar.gz,3448101297,3c9ac8e304371509221738e4d52fdecd7de1b3e323ba9d351d3b314685b9067b,fcc-mba/2021/raw/data-raw-2021-may.tar.gz,1
2021,6,raw,2021,data-raw-2021-jun.tar.gz,https://data.fcc.gov/download/measuring-broadband-america/2021/data-raw-2021-jun.tar.gz,3578354932,9fb95bd6b721ed796dac15ec98077cd936d020244fe0522ede8bab0e7df9cb94,fcc-mba/2021/raw/data-raw-2021-jun.tar.gz,1
2021,7,raw,2021,data-raw-2021-jul.tar.gz,https://data.fcc.gov/download/measuring-broadband-america/2021/data-raw-2021-jul.tar.gz,3371065197,ba4f5fab8f28786baa5b919c1bb2b8d5305a64379cab698a2e8030be7ce04a55,fcc-mba/2021/raw/data-raw-2021-jul.tar.gz,1
2021,8,raw,2021,data-raw-2021-aug.tar.gz,https://data.fcc.gov/download/measuring-broadband-america/2021/data-raw-2021-aug.tar.gz,3398315416,2c47b5c5153246a3b8cad8ad898891562b185519d10cc241c644b5ff95510342,fcc-mba/2021/raw/data-raw-2021-aug.tar.gz,1
2021,9,raw,2021,data-raw-2021-sep.tar.gz,https://data.fcc.gov/download/measuring-broadband-america/2021/data-raw-2021-sep.tar.gz,2449927341,a35e672a2931df3a9af26e5afcc7319d30ef5a5d5477c53587f58d6403069992,fcc-mba/2021/raw/data-raw-2021-sep.tar.gz,1
2021,10,raw,2021,data-raw-2021-oct.tar.gz,https://data.fcc.gov/download/measuring-broadband-america/2021/data-raw-2021-oct.tar.gz,2508754375,b35deb5c9b948f07a1310f49776d8852196ecbb4b1bc424c2f5a639b085b0f28,fcc-mba/2021/raw/data-raw-2021-oct.tar.gz,1
2021,11,raw,2021,data-raw-2021-nov.tar.gz,https://data.fcc.gov/download/measuring-broadband-america/2021/data-raw-2021-nov.tar.gz,2382490118,bd01d887369302b1a59eb14e7ce965d30d3cc011dcd57d3bbf728d03fb899b10,fcc-mba/2021/raw/data-raw-2021-nov.tar.gz,1
2021,12,raw,2021,data-raw-2021-dec.tar.gz,https://data.fcc.gov/download/measuring-broadband-america/2021/data-raw-2021-dec.tar.gz,2406827848,51f65cd794c5f949db2b6c15f69233d9aa5c99f405cec969f633ab841a7eeffd,fcc-mba/2021/raw/data-raw-2021-dec.tar.gz,1
2022,1,raw,2022,data-raw-2022-jan.tar.gz,https://data.fcc.gov/download/measuring-broadband-america/2022/data-raw-2022-jan.tar.gz,2389017405,054f9ae9eb287bd9dfc85d9700c7bec8a4d8b84f0648d5d222dd8caafbc0692b,fcc-mba/2022/raw/data-raw-2022-jan.tar.gz,1
2022,2,raw,2022,data-raw-2022-feb.tar.gz,https://data.fcc.gov/download/measuring-broadband-america/2022/data-raw-2022-feb.tar.gz,2153375898,e81be36344b83a68c14a3dcdae92570a89416d88a3f3006c5e68e596ab0efd18,fcc-mba/2022/raw/data-raw-2022-feb.tar.gz,1
2022,3,raw,2022,data-raw-2022-mar.tar.gz,https://data.fcc.gov/download/measuring-broadband-america/2022/data-raw-2022-mar.tar.gz,2343557576,f4b638ee21dc5744edbcf6062b3e4c09d321aeb66fc3970821e994069895b1b6,fcc-mba/2022/raw/data-raw-2022-mar.tar.gz,1
2022,4,raw,2022,data-raw-2022-apr.tar.gz,https://data.fcc.gov/download/measuring-broadband-america/2022/data-raw-2022-apr.tar.gz,2258874821,a8ceffe1baadb60cd3ae5df37d4f2ca32cb6bf95691699bf78021c601be1e302,fcc-mba/2022/raw/data-raw-2022-apr.tar.gz,1
2022,5,raw,2022,data-raw-2022-may.tar.gz,https://data.fcc.gov/download/measuring-broadband-america/2022/data-raw-2022-may.tar.gz,2299289868,65fdeb6baec2b67f72db1ac41ea5cc7ac23dfb27264e2c2d19835e457b45ca3c,fcc-mba/2022/raw/data-raw-2022-may.tar.gz,1
2022,6,raw,2022,data-raw-2022-june.tar.gz,https://data.fcc.gov/download/measuring-broadband-america/2022/data-raw-2022-june.tar.gz,2200624120,6e78391c39c79f91319704e2db0ca8e98f041c16411419153f7c1f2c9cf83b06,fcc-mba/2022/raw/data-raw-2022-june.tar.gz,1
2022,7,raw,2022,data-raw-2022-jul.tar.gz,https://data.fcc.gov/download/measuring-broadband-america/2022/data-raw-2022-jul.tar.gz,2209359887,3b5cc498a954b2c583088fc373b6180f9cdca91d6a75bfcdec4e2c78ba6f42db,fcc-mba/2022/raw/data-raw-2022-jul.tar.gz,1
2022,8,raw,2022,data-raw-2022-aug.tar.gz,https://data.fcc.gov/download/measuring-broadband-america/2022/data-raw-2022-aug.tar.gz,2238219878,161b0fed0694149fc3dc9f229fd5132e111ac1e99ea090df1672f84a920ae3f2,fcc-mba/2022/raw/data-raw-2022-aug.tar.gz,1
2022,11,raw,2022,data-raw-2022-nov.tar.gz,https://data.fcc.gov/download/measuring-broadband-america/2022/data-raw-2022-nov.tar.gz,2173144039,09d2d9fcd58ed6cafeb934ed8ac73678d815824ca5ccfba0f10c24bacf6a7cce,fcc-mba/2022/raw/data-raw-2022-nov.tar.gz,1
2022,12,raw,2022,data-raw-2022-dec.tar.gz,https://data.fcc.gov/download/measuring-broadband-america/2022/data-raw-2022-dec.tar.gz,2177521698,f799dee0d54b1d04c5ca03fc99f9e172db8137b5609ade2c6480ee49cb9a90d2,fcc-mba/2022/raw/data-raw-2022-dec.tar.gz,1
2023,1,raw,2023,data-raw-2023-jan.tar.gz,https://data.fcc.gov/download/measuring-broadband-america/2023/data-raw-2023-jan.tar.gz,2106228474,ead5eac83acfac92cd190cc02a3914a65d31c8d72cbb85674aec91455350cafd,fcc-mba/2023/raw/data-raw-2023-jan.tar.gz,1
2023,2,raw,2023,data-raw-2023-feb.tar.gz,https://data.fcc.gov/download/measuring-broadband-america/2023/data-raw-2023-feb.tar.gz,1904685567,6abe05d156e644dc996606114ba049676c27fb6a485dccbfe6cd805e45143ca0,fcc-mba/2023/raw/data-raw-2023-feb.tar.gz,1
2023,3,raw,2023,data-raw-2023-mar.tar.gz,https://data.fcc.gov/download/measuring-broadband-america/2023/data-raw-2023-mar.tar.gz,2037919509,5b7ae35987969c89e0e4e293b2745b8965a2317836c0bd4e0cad7acd2dcc01b7,fcc-mba/2023/raw/data-raw-2023-mar.tar.gz,1
2023,4,raw,2023,data-raw-2023-apr.tar.gz,https://data.fcc.gov/download/measuring-broadband-america/2023/data-raw-2023-apr.tar.gz,1910682858,1b6209b118892cef0d27b47ae17feaaf98544127e13436af1f5e5dec0bf94d01,fcc-mba/2023/raw/data-raw-2023-apr.tar.gz,1
2023,5,raw,2023,data-raw-2023-may.tar.gz,https://data.fcc.gov/download/measuring-broadband-america/2023/data-raw-2023-may.tar.gz,1704035196,35c72d3293f994d18ce3494a5df9da81d7ca1ff2ab83cf92cf239c9b228f1ca3,fcc-mba/2023/raw/data-raw-2023-may.tar.gz,1
2023,6,raw,2023,data-raw-2023-jun.tar.gz,https://data.fcc.gov/download/measuring-broadband-america/2023/data-raw-2023-jun.tar.gz,1671343252,0b338ca3795486608e6abb37c568b09092cfe9a266c9afe6c1550898a1fb6a67,fcc-mba/2023/raw/data-raw-2023-jun.tar.gz,1
2023,7,raw,2023,data-raw-2023-jul.tar.gz,https://data.fcc.gov/download/measuring-broadband-america/2023/data-raw-2023-jul.tar.gz,1797094859,25eb9a3a7ed6e3c4c46409325c26e5c8a5e6ed5a8644a63849f18dbad657ec1e,fcc-mba/2023/raw/data-raw-2023-jul.tar.gz,1
